{
  "content_scale": 1.0,
  "armature_data": [
    {
      "strVersion": "1.1.0.0",
      "version": 1.1,
      "name": "NewProject",
      "bone_data": [
        {
          "name": "Layer7",
          "parent": "",
          "x": 10.499979972839356,
          "y": 32.840015411376953,
          "z": 8,
          "cX": 1.0,
          "cY": 1.0,
          "kX": 1.71323872,
          "kY": -1.71323872,
          "arrow_x": 28.160276412963867,
          "arrow_y": 5.9480840718606487E-05,
          "effectbyskeleton": true,
          "display_data": [
            {
              "name": "5.png",
              "displayType": 0,
              "skin_data": [
                {
                  "x": 27.71641,
                  "y": 3.97492886,
                  "cX": 1.0,
                  "cY": 1.0,
                  "kX": -1.57079637,
                  "kY": 1.57079637
                }
              ]
            }
          ]
        },
        {
          "name": "Layer1",
          "parent": "Layer7",
          "x": -2.1265127658843994,
          "y": -12.186777114868164,
          "z": 13,
          "cX": 1.0,
          "cY": 1.0,
          "kX": 2.98366928,
          "kY": -2.98366928,
          "arrow_x": 111.07206726074219,
          "arrow_y": 2.0107192540308461E-05,
          "effectbyskeleton": true,
          "display_data": [
            {
              "name": "3.png",
              "displayType": 0,
              "skin_data": [
                {
                  "x": 28.3306427,
                  "y": -6.540992,
                  "cX": 1.0,
                  "cY": 1.0,
                  "kX": 1.83259571,
                  "kY": -1.83259571
                }
              ]
            }
          ]
        },
        {
          "name": "Layer14",
          "parent": "Layer7",
          "x": 1.4869635105133057,
          "y": 14.789453506469727,
          "z": 11,
          "cX": 1.0,
          "cY": 1.0,
          "kX": -1.53964615,
          "kY": 1.53964615,
          "arrow_x": 57.7061767578125,
          "arrow_y": 4.6584202209487557E-05,
          "effectbyskeleton": true,
          "display_data": [
            {
              "name": "8.png",
              "displayType": 0,
              "skin_data": [
                {
                  "x": 36.7662773,
                  "y": 0.9683466,
                  "cX": 1.0,
                  "cY": 1.0,
                  "kX": -0.5235988,
                  "kY": 0.5235988
                }
              ]
            }
          ]
        },
        {
          "name": "Layer15",
          "parent": "Layer14",
          "x": 51.485378265380859,
          "y": 1.5355947017669678,
          "z": 12,
          "cX": 1.0,
          "cY": 1.0,
          "kX": 1.53595471,
          "kY": -1.53595471,
          "arrow_x": 46.690475463867188,
          "arrow_y": 3.520121390465647E-05,
          "effectbyskeleton": true,
          "display_data": [
            {
              "name": "9.png",
              "displayType": 0,
              "skin_data": [
                {
                  "x": 39.2728958,
                  "y": 1.74390411,
                  "cX": 1.0,
                  "cY": 1.0,
                  "kX": -1.57079637,
                  "kY": 1.57079637
                }
              ]
            }
          ]
        },
        {
          "name": "Layer9",
          "parent": "Layer7",
          "x": 14.866077423095703,
          "y": -30.868894577026367,
          "z": 7,
          "cX": 1.0,
          "cY": 1.0,
          "kX": 0.7329898,
          "kY": -0.7329898,
          "arrow_x": 33.6154670715332,
          "arrow_y": 2.6223482564091682E-05,
          "effectbyskeleton": true,
          "display_data": [
            {
              "name": "11.png",
              "displayType": 0,
              "skin_data": [
                {
                  "x": 25.7763748,
                  "y": -2.7780726,
                  "cX": 1.0,
                  "cY": 1.0,
                  "kX": -2.09439516,
                  "kY": 2.09439516
                }
              ]
            }
          ]
        },
        {
          "name": "Layer10",
          "parent": "Layer9",
          "x": 58.103561401367188,
          "y": 7.55975341796875,
          "z": 9,
          "cX": 1.0,
          "cY": 1.0,
          "kX": -0.487403631,
          "kY": 0.487403631,
          "arrow_x": 32.310955047607422,
          "arrow_y": 2.2851163521409035E-05,
          "effectbyskeleton": true,
          "display_data": [
            {
              "name": "12.png",
              "displayType": 0,
              "skin_data": [
                {
                  "x": 4.27726126,
                  "y": -1.57998657,
                  "cX": 1.0,
                  "cY": 1.0,
                  "kX": -1.57079637,
                  "kY": 1.57079637
                }
              ]
            }
          ]
        },
        {
          "name": "Layer11",
          "parent": "Layer10",
          "x": 29.711257934570312,
          "y": -1.1141749620437622,
          "z": 10,
          "cX": 1.0,
          "cY": 1.0,
          "kX": -4.36237574,
          "kY": 4.36237574,
          "arrow_x": 70.092788696289062,
          "arrow_y": 2.1853775251656771E-06,
          "effectbyskeleton": true,
          "display_data": [
            {
              "name": "7.png",
              "displayType": 0,
              "skin_data": [
                {
                  "x": 91.96895,
                  "y": -0.5448837,
                  "cX": 1.0,
                  "cY": 1.0,
                  "kX": -3.14159274,
                  "kY": 3.14159274
                }
              ]
            }
          ]
        },
        {
          "name": "Layer8",
          "parent": "Layer7",
          "x": 59.254241943359375,
          "y": 2.4364032745361328,
          "z": 6,
          "cX": 1.0,
          "cY": 1.0,
          "kX": -0.09596157,
          "kY": 0.09596157,
          "arrow_x": 43.046478271484375,
          "arrow_y": 4.0629169234307483E-05,
          "effectbyskeleton": true,
          "display_data": [
            {
              "name": "6.png",
              "displayType": 0,
              "skin_data": [
                {
                  "x": 21.4375114,
                  "y": 1.33084774,
                  "cX": 1.0,
                  "cY": 1.0,
                  "kX": -1.57079637,
                  "kY": 1.57079637
                }
              ]
            }
          ]
        },
        {
          "name": "Layer16",
          "parent": "Layer8",
          "x": 44.822013854980469,
          "y": -10.500086784362793,
          "z": 5,
          "cX": 1.0,
          "cY": 1.0,
          "kX": 0.252156973,
          "kY": -0.252156973,
          "arrow_x": 45.967365264892578,
          "arrow_y": 2.130045322701335E-05,
          "effectbyskeleton": true,
          "display_data": [
            {
              "name": "1.png",
              "displayType": 0,
              "skin_data": [
                {
                  "x": 18.2616978,
                  "y": 1.41119957,
                  "cX": 1.0,
                  "cY": 1.0,
                  "kX": -1.57079637,
                  "kY": 1.57079637
                }
              ]
            },
            {
              "name": "2.png",
              "displayType": 0,
              "skin_data": [
                {
                  "x": 8.970211,
                  "y": -4.213985,
                  "cX": 1.0,
                  "cY": 1.0,
                  "kX": -1.74532926,
                  "kY": 1.74532926
                }
              ]
            }
          ]
        },
        {
          "name": "Layer17",
          "parent": "Layer16",
          "x": 26.9769344329834,
          "y": -1.9676496982574463,
          "z": 1,
          "cX": 1.0,
          "cY": 1.0,
          "kX": -0.183239341,
          "kY": 0.183239341,
          "arrow_x": 84.72308349609375,
          "arrow_y": 6.6171051003038883E-06,
          "effectbyskeleton": true,
          "display_data": [
            {
              "name": "10.png",
              "displayType": 0,
              "skin_data": [
                {
                  "x": 11.5409527,
                  "y": -4.031312,
                  "cX": 1.0,
                  "cY": 1.0,
                  "kX": -1.57079637,
                  "kY": 1.57079637
                }
              ]
            },
            {
              "name": "4.png",
              "displayType": 0,
              "skin_data": [
                {
                  "x": 13.4268208,
                  "y": -5.82610369,
                  "cX": 1.0,
                  "cY": 1.0,
                  "kX": -1.57079637,
                  "kY": 1.57079637
                }
              ]
            }
          ]
        },
        {
          "name": "Layer18",
          "parent": "Layer8",
          "x": 41.055271148681641,
          "y": 5.914055347442627,
          "z": 4,
          "cX": 1.0,
          "cY": 1.0,
          "kX": -0.353064775,
          "kY": 0.353064775,
          "arrow_x": 60.539279937744141,
          "arrow_y": 3.1673378543928266E-05,
          "effectbyskeleton": true,
          "display_data": [
            {
              "name": "2.png",
              "displayType": 0,
              "skin_data": [
                {
                  "x": 18.2258453,
                  "y": 2.41219139,
                  "cX": 1.0,
                  "cY": 1.0,
                  "kX": -1.57079637,
                  "kY": 1.57079637
                }
              ]
            },
            {
              "name": "1.png",
              "displayType": 0,
              "skin_data": [
                {
                  "x": 10.613018,
                  "y": 9.227218,
                  "cX": 1.0,
                  "cY": 1.0,
                  "kX": -1.22173047,
                  "kY": 1.22173047
                }
              ]
            }
          ]
        },
        {
          "name": "Layer19",
          "parent": "Layer18",
          "x": 34.552181243896484,
          "y": 2.362368106842041,
          "z": 2,
          "cX": 1.0,
          "cY": 1.0,
          "kX": 0.303432465,
          "kY": -0.303432465,
          "arrow_x": 74.02703857421875,
          "arrow_y": 3.7333287764340639E-05,
          "effectbyskeleton": true,
          "display_data": [
            {
              "name": "4.png",
              "displayType": 0,
              "skin_data": [
                {
                  "x": 9.487331,
                  "y": -2.88431883,
                  "cX": 1.0,
                  "cY": 1.0,
                  "kX": -1.57079637,
                  "kY": 1.57079637
                }
              ]
            },
            {
              "name": "10.png",
              "displayType": 0,
              "skin_data": [
                {
                  "x": 28.9676361,
                  "y": 43.7211761,
                  "cX": 1.0,
                  "cY": 1.0,
                  "kX": -1.57079637,
                  "kY": 1.57079637
                }
              ]
            }
          ]
        },
        {
          "name": "Layer2",
          "parent": "",
          "x": 11.333276748657227,
          "y": 7.3400073051452637,
          "z": 3,
          "cX": 1.0,
          "cY": 1.0,
          "kX": 0.0,
          "kY": 0.0,
          "arrow_x": 0.0,
          "arrow_y": 0.0,
          "effectbyskeleton": false,
          "display_data": [
            {
              "name": "5.png",
              "displayType": 0,
              "skin_data": [
                {
                  "x": 0.0,
                  "y": 0.0,
                  "cX": 1.0,
                  "cY": 1.0,
                  "kX": 0.0,
                  "kY": 0.0
                }
              ]
            },
            {
              "name": "6.png",
              "displayType": 0,
              "skin_data": [
                {
                  "x": 0.0,
                  "y": 0.0,
                  "cX": 1.0,
                  "cY": 1.0,
                  "kX": 0.0,
                  "kY": 0.0
                }
              ]
            }
          ]
        }
      ]
    }
  ],
  "animation_data": [
    {
      "name": "NewProject",
      "mov_data": [
        {
          "name": "stand",
          "dr": 31,
          "lp": true,
          "to": 0,
          "drTW": 0,
          "twE": 0,
          "sc": 1.0,
          "mov_bone_data": [
            {
              "name": "Layer1",
              "dl": 0.0,
              "frame_data": [
                {
                  "dI": 0,
                  "x": 0.0,
                  "y": 0.0,
                  "z": 0,
                  "cX": 1.0,
                  "cY": 1.0,
                  "kX": 0.0,
                  "kY": 0.0,
                  "fi": 0,
                  "twE": 0,
                  "tweenFrame": true
                },
                {
                  "dI": 0,
                  "x": 0.0,
                  "y": 0.0,
                  "z": 0,
                  "cX": 1.0,
                  "cY": 1.0,
                  "kX": -0.0456100665,
                  "kY": 0.0456100665,
                  "fi": 15,
                  "twE": 0,
                  "tweenFrame": true
                },
                {
                  "dI": 0,
                  "x": 0.659912109375,
                  "y": 0.094635009765625,
                  "z": 0,
                  "cX": 1.0,
                  "cY": 1.0,
                  "kX": -0.0456100665,
                  "kY": 0.0456100665,
                  "fi": 30,
                  "twE": 0,
                  "tweenFrame": true
                }
              ]
            },
            {
              "name": "Layer15",
              "dl": 0.0,
              "frame_data": [
                {
                  "dI": 0,
                  "x": 0.0,
                  "y": 0.0,
                  "z": 0,
                  "cX": 1.0,
                  "cY": 1.0,
                  "kX": 0.0,
                  "kY": 0.0,
                  "fi": 0,
                  "twE": 0,
                  "tweenFrame": true
                },
                {
                  "dI": 0,
                  "x": 0.0,
                  "y": 0.0,
                  "z": 0,
                  "cX": 1.0,
                  "cY": 1.0,
                  "kX": -0.22921285,
                  "kY": 0.22921285,
                  "fi": 30,
                  "twE": 0,
                  "tweenFrame": true
                }
              ]
            },
            {
              "name": "Layer14",
              "dl": 0.0,
              "frame_data": [
                {
                  "dI": 0,
                  "x": 0.0,
                  "y": 0.0,
                  "z": 0,
                  "cX": 1.0,
                  "cY": 1.0,
                  "kX": 0.0,
                  "kY": 0.0,
                  "fi": 0,
                  "twE": 0,
                  "tweenFrame": true
                },
                {
                  "dI": 0,
                  "x": 0.0,
                  "y": 0.0,
                  "z": 0,
                  "cX": 1.0,
                  "cY": 1.0,
                  "kX": 0.120990634,
                  "kY": -0.120990634,
                  "fi": 15,
                  "twE": 0,
                  "tweenFrame": true
                },
                {
                  "dI": 0,
                  "x": 0.0,
                  "y": 0.0,
                  "z": 0,
                  "cX": 1.0,
                  "cY": 1.0,
                  "kX": 0.468605459,
                  "kY": -0.468605459,
                  "fi": 30,
                  "twE": 0,
                  "tweenFrame": true
                }
              ]
            },
            {
              "name": "Layer11",
              "dl": 0.0,
              "frame_data": [
                {
                  "dI": 0,
                  "x": 0.0,
                  "y": 0.0,
                  "z": 0,
                  "cX": 1.0,
                  "cY": 1.0,
                  "kX": 0.0,
                  "kY": 0.0,
                  "fi": 0,
                  "twE": 0,
                  "tweenFrame": true
                },
                {
                  "dI": 0,
                  "x": -5.9117012023925781,
                  "y": -1.2232170104980469,
                  "z": 0,
                  "cX": 1.0,
                  "cY": 1.0,
                  "kX": -0.028492732,
                  "kY": 0.028492732,
                  "fi": 30,
                  "twE": 0,
                  "tweenFrame": true
                }
              ]
            },
            {
              "name": "Layer10",
              "dl": 0.0,
              "frame_data": [
                {
                  "dI": 0,
                  "x": 0.0,
                  "y": 0.0,
                  "z": 0,
                  "cX": 1.0,
                  "cY": 1.0,
                  "kX": 0.0,
                  "kY": 0.0,
                  "fi": 0,
                  "twE": 0,
                  "tweenFrame": true
                },
                {
                  "dI": 0,
                  "x": 0.0,
                  "y": 0.0,
                  "z": 0,
                  "cX": 1.0,
                  "cY": 1.0,
                  "kX": 0.04683563,
                  "kY": -0.04683563,
                  "fi": 15,
                  "twE": 0,
                  "tweenFrame": true
                },
                {
                  "dI": 0,
                  "x": 0.3591461181640625,
                  "y": -1.4468011856079102,
                  "z": 0,
                  "cX": 1.0,
                  "cY": 1.0,
                  "kX": 0.0951308757,
                  "kY": -0.0951308757,
                  "fi": 30,
                  "twE": 0,
                  "tweenFrame": true
                }
              ]
            },
            {
              "name": "Layer7",
              "dl": 0.0,
              "frame_data": [
                {
                  "dI": 0,
                  "x": 6.6666641235351562,
                  "y": -0.66666412353515625,
                  "z": 0,
                  "cX": 1.0,
                  "cY": 1.0,
                  "kX": 0.0,
                  "kY": 0.0,
                  "fi": 0,
                  "twE": 0,
                  "tweenFrame": true
                },
                {
                  "dI": 0,
                  "x": 5.6666641235351562,
                  "y": -0.66666412353515625,
                  "z": 0,
                  "cX": 1.0,
                  "cY": 1.0,
                  "kX": 0.0,
                  "kY": 0.0,
                  "fi": 15,
                  "twE": 0,
                  "tweenFrame": true,
                  "color": {
                    "a": 255,
                    "r": 255,
                    "g": 255,
                    "b": 255
                  }
                },
                {
                  "dI": 0,
                  "x": 6.6666641235351562,
                  "y": -0.66666412353515625,
                  "z": 0,
                  "cX": 1.0,
                  "cY": 1.0,
                  "kX": 0.0,
                  "kY": 0.0,
                  "fi": 30,
                  "twE": 0,
                  "tweenFrame": true
                }
              ]
            },
            {
              "name": "Layer9",
              "dl": 0.0,
              "frame_data": [
                {
                  "dI": 0,
                  "x": 0.0,
                  "y": 0.0,
                  "z": 0,
                  "cX": 1.0,
                  "cY": 1.0,
                  "kX": 0.0,
                  "kY": 0.0,
                  "fi": 0,
                  "twE": 0,
                  "tweenFrame": true
                },
                {
                  "dI": 0,
                  "x": 0.0,
                  "y": 0.0,
                  "z": 0,
                  "cX": 1.0,
                  "cY": 1.0,
                  "kX": 0.0608253442,
                  "kY": -0.0608253442,
                  "fi": 15,
                  "twE": 0,
                  "tweenFrame": true
                },
                {
                  "dI": 0,
                  "x": -0.2839202880859375,
                  "y": 1.9797439575195313,
                  "z": 0,
                  "cX": 1.0,
                  "cY": 1.0,
                  "kX": -0.168467045,
                  "kY": 0.168467045,
                  "fi": 30,
                  "twE": 0,
                  "tweenFrame": true
                }
              ]
            },
            {
              "name": "Layer8",
              "dl": 0.0,
              "frame_data": [
                {
                  "dI": 0,
                  "x": 0.0,
                  "y": 0.0,
                  "z": 0,
                  "cX": 1.0,
                  "cY": 1.0,
                  "kX": 0.0,
                  "kY": 0.0,
                  "fi": 0,
                  "twE": 0,
                  "tweenFrame": true
                },
                {
                  "dI": 0,
                  "x": 0.659912109375,
                  "y": 0.094635009765625,
                  "z": 0,
                  "cX": 1.0,
                  "cY": 1.0,
                  "kX": 0.0,
                  "kY": 0.0,
                  "fi": 15,
                  "twE": 0,
                  "tweenFrame": true
                },
                {
                  "dI": 0,
                  "x": 0.0,
                  "y": -3.0517578125E-05,
                  "z": 0,
                  "cX": 1.0,
                  "cY": 1.0,
                  "kX": 0.0,
                  "kY": 0.0,
                  "fi": 30,
                  "twE": 0,
                  "tweenFrame": true
                }
              ]
            },
            {
              "name": "Layer16",
              "dl": 0.0,
              "frame_data": [
                {
                  "dI": 1,
                  "x": 0.0,
                  "y": 0.0,
                  "z": 0,
                  "cX": 1.0,
                  "cY": 1.0,
                  "kX": 0.05751509,
                  "kY": -0.05751509,
                  "fi": 0,
                  "twE": 0,
                  "tweenFrame": true
                }
              ]
            },
            {
              "name": "Layer18",
              "dl": 0.0,
              "frame_data": [
                {
                  "dI": 1,
                  "x": 0.0,
                  "y": 0.0,
                  "z": 0,
                  "cX": 1.0,
                  "cY": 1.0,
                  "kX": 0.33927986,
                  "kY": -0.33927986,
                  "fi": 0,
                  "twE": 0,
                  "tweenFrame": true
                }
              ]
            },
            {
              "name": "Layer2",
              "dl": 0.0,
              "frame_data": [
                {
                  "dI": 0,
                  "x": 0.0,
                  "y": 0.0,
                  "z": 0,
                  "cX": -0.04504492,
                  "cY": 0.03703718,
                  "kX": 0.0,
                  "kY": 0.0,
                  "fi": 0,
                  "twE": 0,
                  "tweenFrame": true,
                  "color": {
                    "a": 255,
                    "r": 255,
                    "g": 255,
                    "b": 255
                  }
                }
              ]
            },
            {
              "name": "Layer19",
              "dl": 0.0,
              "frame_data": [
                {
                  "dI": 0,
                  "x": -0.021793365478515625,
                  "y": 0.66631031036376953,
                  "z": 0,
                  "cX": 1.0,
                  "cY": 1.0,
                  "kX": -0.442201465,
                  "kY": 0.442201465,
                  "fi": 0,
                  "twE": 0,
                  "tweenFrame": true
                },
                {
                  "dI": 0,
                  "x": -0.021793365478515625,
                  "y": 0.66631031036376953,
                  "z": 0,
                  "cX": 1.0,
                  "cY": 1.0,
                  "kX": -0.491496474,
                  "kY": 0.491496474,
                  "fi": 15,
                  "twE": 0,
                  "tweenFrame": true
                },
                {
                  "dI": 0,
                  "x": -0.021793365478515625,
                  "y": 0.66631031036376953,
                  "z": 0,
                  "cX": 1.0,
                  "cY": 1.0,
                  "kX": -0.408142954,
                  "kY": 0.408142954,
                  "fi": 30,
                  "twE": 0,
                  "tweenFrame": true
                }
              ]
            },
            {
              "name": "Layer17",
              "dl": 0.0,
              "frame_data": [
                {
                  "dI": 0,
                  "x": 0.0,
                  "y": 0.0,
                  "z": 0,
                  "cX": 1.0,
                  "cY": 1.0,
                  "kX": -0.155740336,
                  "kY": 0.155740336,
                  "fi": 0,
                  "twE": 0,
                  "tweenFrame": true
                },
                {
                  "dI": 0,
                  "x": 0.0,
                  "y": 0.0,
                  "z": 0,
                  "cX": 1.0,
                  "cY": 1.0,
                  "kX": -0.283757478,
                  "kY": 0.283757478,
                  "fi": 15,
                  "twE": 0,
                  "tweenFrame": true
                },
                {
                  "dI": 0,
                  "x": 0.0,
                  "y": 0.0,
                  "z": 0,
                  "cX": 1.0,
                  "cY": 1.0,
                  "kX": -0.195424512,
                  "kY": 0.195424512,
                  "fi": 30,
                  "twE": 0,
                  "tweenFrame": true
                }
              ]
            }
          ]
        },
        {
          "name": "attack",
          "dr": 81,
          "lp": true,
          "to": 0,
          "drTW": 0,
          "twE": 0,
          "sc": 1.0,
          "mov_bone_data": [
            {
              "name": "Layer1",
              "dl": 0.0,
              "frame_data": [
                {
                  "dI": 0,
                  "x": 0.0,
                  "y": 0.0,
                  "z": 0,
                  "cX": 1.0,
                  "cY": 1.0,
                  "kX": 0.0,
                  "kY": 0.0,
                  "fi": 0,
                  "twE": 0,
                  "tweenFrame": true
                },
                {
                  "dI": 0,
                  "x": 0.0,
                  "y": 0.0,
                  "z": 0,
                  "cX": 1.0,
                  "cY": 1.0,
                  "kX": 0.0,
                  "kY": 0.0,
                  "fi": 15,
                  "twE": 0,
                  "tweenFrame": true
                },
                {
                  "dI": 0,
                  "x": 0.0,
                  "y": 0.0,
                  "z": 0,
                  "cX": 1.0,
                  "cY": 1.0,
                  "kX": 0.0,
                  "kY": 0.0,
                  "fi": 30,
                  "twE": 0,
                  "tweenFrame": true
                },
                {
                  "dI": 0,
                  "x": -0.22357177734375,
                  "y": 1.558837890625,
                  "z": 0,
                  "cX": 1.0,
                  "cY": 1.0,
                  "kX": 0.241525128,
                  "kY": -0.241525128,
                  "fi": 45,
                  "twE": 0,
                  "tweenFrame": true
                },
                {
                  "dI": 0,
                  "x": -0.22357177734375,
                  "y": 1.558837890625,
                  "z": 0,
                  "cX": 1.0,
                  "cY": 1.0,
                  "kX": -0.2986265,
                  "kY": 0.2986265,
                  "fi": 60,
                  "twE": 0,
                  "tweenFrame": true
                }
              ]
            },
            {
              "name": "Layer15",
              "dl": 0.0,
              "frame_data": [
                {
                  "dI": 0,
                  "x": 0.0,
                  "y": 0.0,
                  "z": 0,
                  "cX": 1.0,
                  "cY": 1.0,
                  "kX": 0.0,
                  "kY": 0.0,
                  "fi": 0,
                  "twE": 0,
                  "tweenFrame": true
                },
                {
                  "dI": 0,
                  "x": 0.0,
                  "y": 0.0,
                  "z": 0,
                  "cX": 1.0,
                  "cY": 1.0,
                  "kX": 0.0,
                  "kY": 0.0,
                  "fi": 15,
                  "twE": 0,
                  "tweenFrame": true
                },
                {
                  "dI": 0,
                  "x": 0.0,
                  "y": 0.0,
                  "z": 0,
                  "cX": 1.0,
                  "cY": 1.0,
                  "kX": 0.0,
                  "kY": 0.0,
                  "fi": 30,
                  "twE": 0,
                  "tweenFrame": true
                },
                {
                  "dI": 0,
                  "x": 0.0,
                  "y": 0.0,
                  "z": 0,
                  "cX": 1.0,
                  "cY": 1.0,
                  "kX": -0.163486972,
                  "kY": 0.163486972,
                  "fi": 45,
                  "twE": 0,
                  "tweenFrame": true
                },
                {
                  "dI": 0,
                  "x": 0.3950347900390625,
                  "y": -7.8640966415405273,
                  "z": 0,
                  "cX": 1.0,
                  "cY": 1.0,
                  "kX": 0.0242372882,
                  "kY": -0.0242372882,
                  "fi": 59,
                  "twE": 0,
                  "tweenFrame": true
                }
              ]
            },
            {
              "name": "Layer14",
              "dl": 0.0,
              "frame_data": [
                {
                  "dI": 0,
                  "x": 7.5423421859741211,
                  "y": 0.23981857299804688,
                  "z": 0,
                  "cX": 1.0,
                  "cY": 1.0,
                  "kX": 0.381446719,
                  "kY": -0.381446719,
                  "fi": 0,
                  "twE": 0,
                  "tweenFrame": true
                },
                {
                  "dI": 0,
                  "x": 7.5423421859741211,
                  "y": 0.23981857299804688,
                  "z": 0,
                  "cX": 1.0,
                  "cY": 1.0,
                  "kX": 0.381446719,
                  "kY": -0.381446719,
                  "fi": 15,
                  "twE": 0,
                  "tweenFrame": true
                },
                {
                  "dI": 0,
                  "x": 7.5423421859741211,
                  "y": 0.23981857299804688,
                  "z": 0,
                  "cX": 1.0,
                  "cY": 1.0,
                  "kX": 0.198734969,
                  "kY": -0.198734969,
                  "fi": 30,
                  "twE": 0,
                  "tweenFrame": true
                },
                {
                  "dI": 0,
                  "x": 7.5423421859741211,
                  "y": 0.23981857299804688,
                  "z": 0,
                  "cX": 1.0,
                  "cY": 1.0,
                  "kX": 0.129091918,
                  "kY": -0.129091918,
                  "fi": 45,
                  "twE": 0,
                  "tweenFrame": true
                },
                {
                  "dI": 0,
                  "x": 7.5423421859741211,
                  "y": 0.23981857299804688,
                  "z": 0,
                  "cX": 1.0,
                  "cY": 1.0,
                  "kX": 0.520099044,
                  "kY": -0.520099044,
                  "fi": 60,
                  "twE": 0,
                  "tweenFrame": true
                }
              ]
            },
            {
              "name": "Layer11",
              "dl": 0.0,
              "frame_data": [
                {
                  "dI": 0,
                  "x": 0.0,
                  "y": 0.0,
                  "z": 0,
                  "cX": 1.0,
                  "cY": 1.0,
                  "kX": -0.306029767,
                  "kY": 0.306029767,
                  "fi": 0,
                  "twE": 0,
                  "tweenFrame": true
                },
                {
                  "dI": 0,
                  "x": 0.0,
                  "y": 0.0,
                  "z": 0,
                  "cX": 1.0,
                  "cY": 1.0,
                  "kX": -0.306029767,
                  "kY": 0.306029767,
                  "fi": 15,
                  "twE": 0,
                  "tweenFrame": true
                },
                {
                  "dI": 0,
                  "x": 0.0,
                  "y": 0.0,
                  "z": 0,
                  "cX": 1.0,
                  "cY": 1.0,
                  "kX": -0.5226492,
                  "kY": 0.5226492,
                  "fi": 30,
                  "twE": 0,
                  "tweenFrame": true
                },
                {
                  "dI": 0,
                  "x": 0.0,
                  "y": 0.0,
                  "z": 0,
                  "cX": 1.0,
                  "cY": 1.0,
                  "kX": -0.5226492,
                  "kY": 0.5226492,
                  "fi": 45,
                  "twE": 0,
                  "tweenFrame": true
                },
                {
                  "dI": 0,
                  "x": -7.0894813537597656,
                  "y": -3.1431407928466797,
                  "z": 0,
                  "cX": 1.0,
                  "cY": 1.0,
                  "kX": -0.985418,
                  "kY": 0.985418,
                  "fi": 55,
                  "twE": 0,
                  "tweenFrame": true
                },
                {
                  "dI": 0,
                  "x": -7.0894813537597656,
                  "y": -3.1431407928466797,
                  "z": 0,
                  "cX": 1.0,
                  "cY": 1.0,
                  "kX": -0.985418,
                  "kY": 0.985418,
                  "fi": 80,
                  "twE": 0,
                  "tweenFrame": true
                }
              ]
            },
            {
              "name": "Layer10",
              "dl": 0.0,
              "frame_data": [
                {
                  "dI": 0,
                  "x": 0.0,
                  "y": 0.0,
                  "z": 0,
                  "cX": 1.0,
                  "cY": 1.0,
                  "kX": 0.0,
                  "kY": 0.0,
                  "fi": 0,
                  "twE": 0,
                  "tweenFrame": true
                },
                {
                  "dI": 0,
                  "x": 0.0,
                  "y": 0.0,
                  "z": 0,
                  "cX": 1.0,
                  "cY": 1.0,
                  "kX": 0.603007734,
                  "kY": -0.603007734,
                  "fi": 15,
                  "twE": 0,
                  "tweenFrame": true
                },
                {
                  "dI": 0,
                  "x": 0.0,
                  "y": 0.0,
                  "z": 0,
                  "cX": 1.0,
                  "cY": 1.0,
                  "kX": 0.603007734,
                  "kY": -0.603007734,
                  "fi": 30,
                  "twE": 0,
                  "tweenFrame": true
                },
                {
                  "dI": 0,
                  "x": 0.0,
                  "y": 0.0,
                  "z": 0,
                  "cX": 1.0,
                  "cY": 1.0,
                  "kX": 0.82313323,
                  "kY": -0.82313323,
                  "fi": 45,
                  "twE": 0,
                  "tweenFrame": true
                },
                {
                  "dI": 0,
                  "x": 0.0,
                  "y": 0.0,
                  "z": 0,
                  "cX": 1.0,
                  "cY": 1.0,
                  "kX": -0.5266019,
                  "kY": 0.5266019,
                  "fi": 60,
                  "twE": 0,
                  "tweenFrame": true,
                  "color": {
                    "a": 255,
                    "r": 255,
                    "g": 255,
                    "b": 255
                  }
                }
              ]
            },
            {
              "name": "Layer7",
              "dl": 0.0,
              "frame_data": [
                {
                  "dI": 0,
                  "x": 6.6666641235351562,
                  "y": -0.66666412353515625,
                  "z": 0,
                  "cX": 1.0,
                  "cY": 1.0,
                  "kX": 0.0,
                  "kY": 0.0,
                  "fi": 0,
                  "twE": 0,
                  "tweenFrame": true
                },
                {
                  "dI": 0,
                  "x": 6.6666641235351562,
                  "y": -0.66666412353515625,
                  "z": 0,
                  "cX": 1.0,
                  "cY": 1.0,
                  "kX": 0.0,
                  "kY": 0.0,
                  "fi": 15,
                  "twE": 0,
                  "tweenFrame": true
                },
                {
                  "dI": 0,
                  "x": 7.6666641235351562,
                  "y": -2.6666641235351562,
                  "z": 0,
                  "cX": 1.0,
                  "cY": 1.0,
                  "kX": 0.0,
                  "kY": 0.0,
                  "fi": 30,
                  "twE": 0,
                  "tweenFrame": true
                },
                {
                  "dI": 0,
                  "x": 10.666664123535156,
                  "y": -2.6666641235351562,
                  "z": 0,
                  "cX": 1.0,
                  "cY": 1.0,
                  "kX": 0.0,
                  "kY": 0.0,
                  "fi": 45,
                  "twE": 0,
                  "tweenFrame": true
                },
                {
                  "dI": 0,
                  "x": 5.6666641235351562,
                  "y": -5.6666641235351562,
                  "z": 0,
                  "cX": 1.0,
                  "cY": 1.0,
                  "kX": 0.0,
                  "kY": 0.0,
                  "fi": 60,
                  "twE": 0,
                  "tweenFrame": true
                }
              ]
            },
            {
              "name": "Layer9",
              "dl": 0.0,
              "frame_data": [
                {
                  "dI": 0,
                  "x": 0.0,
                  "y": 0.0,
                  "z": 0,
                  "cX": 1.0,
                  "cY": 1.0,
                  "kX": 0.0,
                  "kY": 0.0,
                  "fi": 0,
                  "twE": 0,
                  "tweenFrame": true
                },
                {
                  "dI": 0,
                  "x": 7.3709373474121094,
                  "y": 12.001262664794922,
                  "z": 0,
                  "cX": 1.0,
                  "cY": 1.0,
                  "kX": 1.05910933,
                  "kY": -1.05910933,
                  "fi": 15,
                  "twE": 0,
                  "tweenFrame": true
                },
                {
                  "dI": 0,
                  "x": 7.1473808288574219,
                  "y": 13.560100555419922,
                  "z": 0,
                  "cX": 1.0,
                  "cY": 1.0,
                  "kX": 1.71988785,
                  "kY": -1.71988785,
                  "fi": 30,
                  "twE": 0,
                  "tweenFrame": true
                },
                {
                  "dI": 0,
                  "x": 7.1473808288574219,
                  "y": 13.560100555419922,
                  "z": 0,
                  "cX": 1.0,
                  "cY": 1.0,
                  "kX": 1.84348011,
                  "kY": -1.84348011,
                  "fi": 45,
                  "twE": 0,
                  "tweenFrame": true
                },
                {
                  "dI": 0,
                  "x": 7.1473808288574219,
                  "y": 13.560100555419922,
                  "z": 0,
                  "cX": 1.0,
                  "cY": 1.0,
                  "kX": 0.362724,
                  "kY": -0.362724,
                  "fi": 60,
                  "twE": 0,
                  "tweenFrame": true
                }
              ]
            },
            {
              "name": "Layer8",
              "dl": 0.0,
              "frame_data": [
                {
                  "dI": 0,
                  "x": 0.0,
                  "y": 0.0,
                  "z": 0,
                  "cX": 1.0,
                  "cY": 1.0,
                  "kX": 0.0,
                  "kY": 0.0,
                  "fi": 0,
                  "twE": 0,
                  "tweenFrame": true
                },
                {
                  "dI": 0,
                  "x": 0.0,
                  "y": 0.0,
                  "z": 0,
                  "cX": 1.0,
                  "cY": 1.0,
                  "kX": 0.0,
                  "kY": 0.0,
                  "fi": 15,
                  "twE": 0,
                  "tweenFrame": true
                },
                {
                  "dI": 0,
                  "x": -1.558868408203125,
                  "y": -0.22357177734375,
                  "z": 0,
                  "cX": 1.0,
                  "cY": 1.0,
                  "kX": 0.0,
                  "kY": 0.0,
                  "fi": 30,
                  "twE": 0,
                  "tweenFrame": true
                },
                {
                  "dI": 0,
                  "x": -1.335296630859375,
                  "y": -1.78240966796875,
                  "z": 0,
                  "cX": 1.0,
                  "cY": 1.0,
                  "kX": 0.0,
                  "kY": 0.0,
                  "fi": 45,
                  "twE": 0,
                  "tweenFrame": true
                },
                {
                  "dI": 0,
                  "x": -4.445953369140625,
                  "y": 0.1578369140625,
                  "z": 0,
                  "cX": 1.0,
                  "cY": 1.0,
                  "kX": 0.0,
                  "kY": 0.0,
                  "fi": 60,
                  "twE": 0,
                  "tweenFrame": true
                }
              ]
            },
            {
              "name": "Layer16",
              "dl": 0.0,
              "frame_data": [
                {
                  "dI": 1,
                  "x": 0.0,
                  "y": 0.0,
                  "z": 0,
                  "cX": 1.0,
                  "cY": 1.0,
                  "kX": 0.05751509,
                  "kY": -0.05751509,
                  "fi": 0,
                  "twE": 0,
                  "tweenFrame": true
                },
                {
                  "dI": 1,
                  "x": 0.0,
                  "y": 0.0,
                  "z": 0,
                  "cX": 1.0,
                  "cY": 1.0,
                  "kX": 0.05751509,
                  "kY": -0.05751509,
                  "fi": 15,
                  "twE": 0,
                  "tweenFrame": true
                },
                {
                  "dI": 1,
                  "x": 0.0,
                  "y": 0.0,
                  "z": 0,
                  "cX": 1.0,
                  "cY": 1.0,
                  "kX": 0.05751509,
                  "kY": -0.05751509,
                  "fi": 30,
                  "twE": 0,
                  "tweenFrame": true
                },
                {
                  "dI": 1,
                  "x": 0.03658294677734375,
                  "y": -0.78656005859375,
                  "z": 0,
                  "cX": 1.0,
                  "cY": 1.0,
                  "kX": 0.05751509,
                  "kY": -0.05751509,
                  "fi": 45,
                  "twE": 0,
                  "tweenFrame": true
                },
                {
                  "dI": 1,
                  "x": -0.036590576171875,
                  "y": 0.78656005859375,
                  "z": 0,
                  "cX": 1.0,
                  "cY": 1.0,
                  "kX": 0.05751509,
                  "kY": -0.05751509,
                  "fi": 60,
                  "twE": 0,
                  "tweenFrame": true
                }
              ]
            },
            {
              "name": "Layer18",
              "dl": 0.0,
              "frame_data": [
                {
                  "dI": 1,
                  "x": -3.097412109375,
                  "y": -5.1494789123535156,
                  "z": 0,
                  "cX": 1.0,
                  "cY": 1.0,
                  "kX": 0.3439134,
                  "kY": -0.3439134,
                  "fi": 0,
                  "twE": 0,
                  "tweenFrame": true,
                  "color": {
                    "a": 255,
                    "r": 255,
                    "g": 255,
                    "b": 255
                  }
                },
                {
                  "dI": 1,
                  "x": -3.097412109375,
                  "y": -5.1494789123535156,
                  "z": 0,
                  "cX": 1.0,
                  "cY": 1.0,
                  "kX": 0.3439134,
                  "kY": -0.3439134,
                  "fi": 15,
                  "twE": 0,
                  "tweenFrame": true,
                  "color": {
                    "a": 255,
                    "r": 255,
                    "g": 255,
                    "b": 255
                  }
                },
                {
                  "dI": 1,
                  "x": -3.097412109375,
                  "y": -5.1494789123535156,
                  "z": 0,
                  "cX": 1.0,
                  "cY": 1.0,
                  "kX": 0.3439134,
                  "kY": -0.3439134,
                  "fi": 30,
                  "twE": 0,
                  "tweenFrame": true,
                  "color": {
                    "a": 255,
                    "r": 255,
                    "g": 255,
                    "b": 255
                  }
                },
                {
                  "dI": 1,
                  "x": -3.060821533203125,
                  "y": -5.9360389709472656,
                  "z": 0,
                  "cX": 1.0,
                  "cY": 1.0,
                  "kX": 0.3439134,
                  "kY": -0.3439134,
                  "fi": 45,
                  "twE": 0,
                  "tweenFrame": true
                },
                {
                  "dI": 1,
                  "x": -3.134002685546875,
                  "y": -4.3629798889160156,
                  "z": 0,
                  "cX": 1.0,
                  "cY": 1.0,
                  "kX": 0.3439134,
                  "kY": -0.3439134,
                  "fi": 60,
                  "twE": 0,
                  "tweenFrame": true
                }
              ]
            },
            {
              "name": "Layer2",
              "dl": 0.0,
              "frame_data": [
                {
                  "dI": 0,
                  "x": 0.0,
                  "y": 0.0,
                  "z": 0,
                  "cX": -0.04504492,
                  "cY": 0.03703718,
                  "kX": 0.0,
                  "kY": 0.0,
                  "fi": 0,
                  "twE": 0,
                  "tweenFrame": true,
                  "color": {
                    "a": 255,
                    "r": 255,
                    "g": 255,
                    "b": 255
                  }
                },
                {
                  "dI": 0,
                  "x": 0.0,
                  "y": 0.0,
                  "z": 0,
                  "cX": -0.04504492,
                  "cY": 0.03703718,
                  "kX": 0.0,
                  "kY": 0.0,
                  "fi": 15,
                  "twE": 0,
                  "tweenFrame": true,
                  "color": {
                    "a": 255,
                    "r": 255,
                    "g": 255,
                    "b": 255
                  }
                },
                {
                  "dI": 0,
                  "x": 0.0,
                  "y": 0.0,
                  "z": 0,
                  "cX": -0.04504492,
                  "cY": 0.03703718,
                  "kX": 0.0,
                  "kY": 0.0,
                  "fi": 30,
                  "twE": 0,
                  "tweenFrame": true,
                  "color": {
                    "a": 255,
                    "r": 255,
                    "g": 255,
                    "b": 255
                  }
                },
                {
                  "dI": 0,
                  "x": 0.0,
                  "y": 0.0,
                  "z": 0,
                  "cX": -0.04504492,
                  "cY": 0.03703718,
                  "kX": 0.0,
                  "kY": 0.0,
                  "fi": 45,
                  "twE": 0,
                  "tweenFrame": true,
                  "color": {
                    "a": 255,
                    "r": 255,
                    "g": 255,
                    "b": 255
                  }
                }
              ]
            },
            {
              "name": "Layer19",
              "dl": 0.0,
              "frame_data": [
                {
                  "dI": 0,
                  "x": -0.021793365478515625,
                  "y": 0.66631031036376953,
                  "z": 0,
                  "cX": 1.0,
                  "cY": 1.0,
                  "kX": -0.442201465,
                  "kY": 0.442201465,
                  "fi": 0,
                  "twE": 0,
                  "tweenFrame": true
                },
                {
                  "dI": 0,
                  "x": -0.021793365478515625,
                  "y": 0.66631031036376953,
                  "z": 0,
                  "cX": 1.0,
                  "cY": 1.0,
                  "kX": -0.442201465,
                  "kY": 0.442201465,
                  "fi": 15,
                  "twE": 0,
                  "tweenFrame": true
                },
                {
                  "dI": 0,
                  "x": -0.021793365478515625,
                  "y": 0.66631031036376953,
                  "z": 0,
                  "cX": 1.0,
                  "cY": 1.0,
                  "kX": -0.398024827,
                  "kY": 0.398024827,
                  "fi": 30,
                  "twE": 0,
                  "tweenFrame": true
                },
                {
                  "dI": 0,
                  "x": -0.021793365478515625,
                  "y": 0.66631031036376953,
                  "z": 0,
                  "cX": 1.0,
                  "cY": 1.0,
                  "kX": -0.398024827,
                  "kY": 0.398024827,
                  "fi": 45,
                  "twE": 0,
                  "tweenFrame": true
                }
              ]
            },
            {
              "name": "Layer17",
              "dl": 0.0,
              "frame_data": [
                {
                  "dI": 0,
                  "x": 0.0,
                  "y": 0.0,
                  "z": 0,
                  "cX": 1.0,
                  "cY": 1.0,
                  "kX": -0.155740336,
                  "kY": 0.155740336,
                  "fi": 0,
                  "twE": 0,
                  "tweenFrame": true
                },
                {
                  "dI": 0,
                  "x": 0.0,
                  "y": 0.0,
                  "z": 0,
                  "cX": 1.0,
                  "cY": 1.0,
                  "kX": -0.155740336,
                  "kY": 0.155740336,
                  "fi": 15,
                  "twE": 0,
                  "tweenFrame": true
                },
                {
                  "dI": 0,
                  "x": 0.0,
                  "y": 0.0,
                  "z": 0,
                  "cX": 1.0,
                  "cY": 1.0,
                  "kX": -0.1261477,
                  "kY": 0.1261477,
                  "fi": 30,
                  "twE": 0,
                  "tweenFrame": true
                },
                {
                  "dI": 0,
                  "x": 0.0,
                  "y": 0.0,
                  "z": 0,
                  "cX": 1.0,
                  "cY": 1.0,
                  "kX": -0.1261477,
                  "kY": 0.1261477,
                  "fi": 45,
                  "twE": 0,
                  "tweenFrame": true
                }
              ]
            }
          ]
        },
        {
          "name": "run",
          "dr": 76,
          "lp": true,
          "to": 0,
          "drTW": 0,
          "twE": 0,
          "sc": 1.0,
          "mov_bone_data": [
            {
              "name": "Layer1",
              "dl": 0.0,
              "frame_data": [
                {
                  "dI": 0,
                  "x": 0.0,
                  "y": 0.0,
                  "z": 0,
                  "cX": 1.0,
                  "cY": 1.0,
                  "kX": 0.0,
                  "kY": 0.0,
                  "fi": 0,
                  "twE": 0,
                  "tweenFrame": true
                },
                {
                  "dI": 0,
                  "x": 0.0,
                  "y": 0.0,
                  "z": 0,
                  "cX": 1.0,
                  "cY": 1.0,
                  "kX": 0.0,
                  "kY": 0.0,
                  "fi": 15,
                  "twE": 0,
                  "tweenFrame": true
                },
                {
                  "dI": 0,
                  "x": 0.0,
                  "y": 0.0,
                  "z": 0,
                  "cX": 1.0,
                  "cY": 1.0,
                  "kX": 0.0,
                  "kY": 0.0,
                  "fi": 30,
                  "twE": 0,
                  "tweenFrame": true
                },
                {
                  "dI": 0,
                  "x": 0.0,
                  "y": 0.0,
                  "z": 0,
                  "cX": 1.0,
                  "cY": 1.0,
                  "kX": 0.0,
                  "kY": 0.0,
                  "fi": 45,
                  "twE": 0,
                  "tweenFrame": true
                },
                {
                  "dI": 0,
                  "x": 0.0,
                  "y": 0.0,
                  "z": 0,
                  "cX": 1.0,
                  "cY": 1.0,
                  "kX": 0.0,
                  "kY": 0.0,
                  "fi": 60,
                  "twE": 0,
                  "tweenFrame": true
                },
                {
                  "dI": 0,
                  "x": 0.0,
                  "y": 0.0,
                  "z": 0,
                  "cX": 1.0,
                  "cY": 1.0,
                  "kX": 0.0,
                  "kY": 0.0,
                  "fi": 75,
                  "twE": 0,
                  "tweenFrame": true
                }
              ]
            },
            {
              "name": "Layer15",
              "dl": 0.0,
              "frame_data": [
                {
                  "dI": 0,
                  "x": 0.0,
                  "y": 0.0,
                  "z": 0,
                  "cX": 1.0,
                  "cY": 1.0,
                  "kX": 0.0,
                  "kY": 0.0,
                  "fi": 0,
                  "twE": 0,
                  "tweenFrame": true
                },
                {
                  "dI": 0,
                  "x": 0.0,
                  "y": 0.0,
                  "z": 0,
                  "cX": 1.0,
                  "cY": 1.0,
                  "kX": 0.0,
                  "kY": 0.0,
                  "fi": 15,
                  "twE": 0,
                  "tweenFrame": true
                },
                {
                  "dI": 0,
                  "x": 0.0,
                  "y": 0.0,
                  "z": 0,
                  "cX": 1.0,
                  "cY": 1.0,
                  "kX": -0.1472269,
                  "kY": 0.1472269,
                  "fi": 30,
                  "twE": 0,
                  "tweenFrame": true
                },
                {
                  "dI": 0,
                  "x": 0.0,
                  "y": 0.0,
                  "z": 0,
                  "cX": 1.0,
                  "cY": 1.0,
                  "kX": -0.1472269,
                  "kY": 0.1472269,
                  "fi": 45,
                  "twE": 0,
                  "tweenFrame": true
                },
                {
                  "dI": 0,
                  "x": 0.0,
                  "y": 0.0,
                  "z": 0,
                  "cX": 1.0,
                  "cY": 1.0,
                  "kX": -0.1472269,
                  "kY": 0.1472269,
                  "fi": 60,
                  "twE": 0,
                  "tweenFrame": true
                },
                {
                  "dI": 0,
                  "x": 0.0,
                  "y": 0.0,
                  "z": 0,
                  "cX": 1.0,
                  "cY": 1.0,
                  "kX": 0.0,
                  "kY": 0.0,
                  "fi": 75,
                  "twE": 0,
                  "tweenFrame": true
                }
              ]
            },
            {
              "name": "Layer14",
              "dl": 0.0,
              "frame_data": [
                {
                  "dI": 0,
                  "x": 4.49289608001709,
                  "y": 1.5884838104248047,
                  "z": 0,
                  "cX": 1.0,
                  "cY": 1.0,
                  "kX": 0.5280338,
                  "kY": -0.5280338,
                  "fi": 0,
                  "twE": 0,
                  "tweenFrame": true
                },
                {
                  "dI": 0,
                  "x": 4.49289608001709,
                  "y": 1.5884838104248047,
                  "z": 0,
                  "cX": 1.0,
                  "cY": 1.0,
                  "kX": 0.5280338,
                  "kY": -0.5280338,
                  "fi": 15,
                  "twE": 0,
                  "tweenFrame": true
                },
                {
                  "dI": 0,
                  "x": 4.49289608001709,
                  "y": 1.5884838104248047,
                  "z": 0,
                  "cX": 1.0,
                  "cY": 1.0,
                  "kX": 0.412509561,
                  "kY": -0.412509561,
                  "fi": 30,
                  "twE": 0,
                  "tweenFrame": true
                },
                {
                  "dI": 0,
                  "x": 4.49289608001709,
                  "y": 1.5884838104248047,
                  "z": 0,
                  "cX": 1.0,
                  "cY": 1.0,
                  "kX": 0.412509561,
                  "kY": -0.412509561,
                  "fi": 45,
                  "twE": 0,
                  "tweenFrame": true
                },
                {
                  "dI": 0,
                  "x": 4.49289608001709,
                  "y": 1.5884838104248047,
                  "z": 0,
                  "cX": 1.0,
                  "cY": 1.0,
                  "kX": 0.412509561,
                  "kY": -0.412509561,
                  "fi": 60,
                  "twE": 0,
                  "tweenFrame": true
                },
                {
                  "dI": 0,
                  "x": 4.49289608001709,
                  "y": 1.5884838104248047,
                  "z": 0,
                  "cX": 1.0,
                  "cY": 1.0,
                  "kX": 0.5280338,
                  "kY": -0.5280338,
                  "fi": 75,
                  "twE": 0,
                  "tweenFrame": true
                }
              ]
            },
            {
              "name": "Layer11",
              "dl": 0.0,
              "frame_data": [
                {
                  "dI": 0,
                  "x": 0.0,
                  "y": 0.0,
                  "z": 0,
                  "cX": 1.0,
                  "cY": 1.0,
                  "kX": 0.0,
                  "kY": 0.0,
                  "fi": 0,
                  "twE": 0,
                  "tweenFrame": true
                },
                {
                  "dI": 0,
                  "x": 0.0,
                  "y": 0.0,
                  "z": 0,
                  "cX": 1.0,
                  "cY": 1.0,
                  "kX": 0.0,
                  "kY": 0.0,
                  "fi": 15,
                  "twE": 0,
                  "tweenFrame": true
                },
                {
                  "dI": 0,
                  "x": 0.0,
                  "y": 0.0,
                  "z": 0,
                  "cX": 1.0,
                  "cY": 1.0,
                  "kX": 0.0,
                  "kY": 0.0,
                  "fi": 30,
                  "twE": 0,
                  "tweenFrame": true
                },
                {
                  "dI": 0,
                  "x": 0.0,
                  "y": 0.0,
                  "z": 0,
                  "cX": 1.0,
                  "cY": 1.0,
                  "kX": 0.0,
                  "kY": 0.0,
                  "fi": 45,
                  "twE": 0,
                  "tweenFrame": true
                },
                {
                  "dI": 0,
                  "x": 0.0,
                  "y": 0.0,
                  "z": 0,
                  "cX": 1.0,
                  "cY": 1.0,
                  "kX": 0.0,
                  "kY": 0.0,
                  "fi": 60,
                  "twE": 0,
                  "tweenFrame": true
                },
                {
                  "dI": 0,
                  "x": 0.0,
                  "y": 0.0,
                  "z": 0,
                  "cX": 1.0,
                  "cY": 1.0,
                  "kX": 0.0,
                  "kY": 0.0,
                  "fi": 75,
                  "twE": 0,
                  "tweenFrame": true
                }
              ]
            },
            {
              "name": "Layer10",
              "dl": 0.0,
              "frame_data": [
                {
                  "dI": 0,
                  "x": 2.3950080871582031,
                  "y": 2.870356559753418,
                  "z": 0,
                  "cX": 1.0,
                  "cY": 1.0,
                  "kX": 0.0,
                  "kY": 0.0,
                  "fi": 0,
                  "twE": 0,
                  "tweenFrame": true
                },
                {
                  "dI": 0,
                  "x": 2.3950080871582031,
                  "y": 2.870356559753418,
                  "z": 0,
                  "cX": 1.0,
                  "cY": 1.0,
                  "kX": 0.0,
                  "kY": 0.0,
                  "fi": 15,
                  "twE": 0,
                  "tweenFrame": true
                },
                {
                  "dI": 0,
                  "x": 2.3950080871582031,
                  "y": 2.870356559753418,
                  "z": 0,
                  "cX": 1.0,
                  "cY": 1.0,
                  "kX": 0.0,
                  "kY": 0.0,
                  "fi": 30,
                  "twE": 0,
                  "tweenFrame": true
                },
                {
                  "dI": 0,
                  "x": 2.3950080871582031,
                  "y": 2.870356559753418,
                  "z": 0,
                  "cX": 1.0,
                  "cY": 1.0,
                  "kX": 0.0,
                  "kY": 0.0,
                  "fi": 45,
                  "twE": 0,
                  "tweenFrame": true
                },
                {
                  "dI": 0,
                  "x": 2.3950080871582031,
                  "y": 2.870356559753418,
                  "z": 0,
                  "cX": 1.0,
                  "cY": 1.0,
                  "kX": 0.0,
                  "kY": 0.0,
                  "fi": 60,
                  "twE": 0,
                  "tweenFrame": true
                },
                {
                  "dI": 0,
                  "x": 2.3950080871582031,
                  "y": 2.870356559753418,
                  "z": 0,
                  "cX": 1.0,
                  "cY": 1.0,
                  "kX": 0.0,
                  "kY": 0.0,
                  "fi": 75,
                  "twE": 0,
                  "tweenFrame": true
                }
              ]
            },
            {
              "name": "Layer7",
              "dl": 0.0,
              "frame_data": [
                {
                  "dI": 0,
                  "x": 6.6666641235351562,
                  "y": -0.66666412353515625,
                  "z": 0,
                  "cX": 1.0,
                  "cY": 1.0,
                  "kX": 0.0,
                  "kY": 0.0,
                  "fi": 0,
                  "twE": 0,
                  "tweenFrame": true
                },
                {
                  "dI": 0,
                  "x": 3.6666641235351562,
                  "y": 3.3333358764648438,
                  "z": 0,
                  "cX": 1.0,
                  "cY": 1.0,
                  "kX": 0.0,
                  "kY": 0.0,
                  "fi": 15,
                  "twE": 0,
                  "tweenFrame": true
                },
                {
                  "dI": 0,
                  "x": 7.6666641235351562,
                  "y": 2.3333358764648438,
                  "z": 0,
                  "cX": 1.0,
                  "cY": 1.0,
                  "kX": 0.0,
                  "kY": 0.0,
                  "fi": 30,
                  "twE": 0,
                  "tweenFrame": true
                },
                {
                  "dI": 0,
                  "x": 7.6666641235351562,
                  "y": 0.33333587646484375,
                  "z": 0,
                  "cX": 1.0,
                  "cY": 1.0,
                  "kX": 0.0,
                  "kY": 0.0,
                  "fi": 45,
                  "twE": 0,
                  "tweenFrame": true
                },
                {
                  "dI": 0,
                  "x": 4.6666641235351562,
                  "y": 0.33333587646484375,
                  "z": 0,
                  "cX": 1.0,
                  "cY": 1.0,
                  "kX": 0.0,
                  "kY": 0.0,
                  "fi": 60,
                  "twE": 0,
                  "tweenFrame": true
                },
                {
                  "dI": 0,
                  "x": 6.6666641235351562,
                  "y": 1.3333358764648438,
                  "z": 0,
                  "cX": 1.0,
                  "cY": 1.0,
                  "kX": 0.0,
                  "kY": 0.0,
                  "fi": 75,
                  "twE": 0,
                  "tweenFrame": true
                }
              ]
            },
            {
              "name": "Layer9",
              "dl": 0.0,
              "frame_data": [
                {
                  "dI": 0,
                  "x": 0.65616226196289062,
                  "y": 8.5913734436035156,
                  "z": 0,
                  "cX": 1.0,
                  "cY": 1.0,
                  "kX": 0.0,
                  "kY": 0.0,
                  "fi": 0,
                  "twE": 0,
                  "tweenFrame": true
                },
                {
                  "dI": 0,
                  "x": 0.65616226196289062,
                  "y": 8.5913734436035156,
                  "z": 0,
                  "cX": 1.0,
                  "cY": 1.0,
                  "kX": 0.0,
                  "kY": 0.0,
                  "fi": 15,
                  "twE": 0,
                  "tweenFrame": true
                },
                {
                  "dI": 0,
                  "x": 0.65616226196289062,
                  "y": 8.5913734436035156,
                  "z": 0,
                  "cX": 1.0,
                  "cY": 1.0,
                  "kX": 0.0,
                  "kY": 0.0,
                  "fi": 30,
                  "twE": 0,
                  "tweenFrame": true
                },
                {
                  "dI": 0,
                  "x": 0.65616226196289062,
                  "y": 8.5913734436035156,
                  "z": 0,
                  "cX": 1.0,
                  "cY": 1.0,
                  "kX": -0.115879141,
                  "kY": 0.115879141,
                  "fi": 45,
                  "twE": 0,
                  "tweenFrame": true
                },
                {
                  "dI": 0,
                  "x": 0.65616226196289062,
                  "y": 8.5913734436035156,
                  "z": 0,
                  "cX": 1.0,
                  "cY": 1.0,
                  "kX": -0.115879141,
                  "kY": 0.115879141,
                  "fi": 60,
                  "twE": 0,
                  "tweenFrame": true
                },
                {
                  "dI": 0,
                  "x": 0.65616226196289062,
                  "y": 8.5913734436035156,
                  "z": 0,
                  "cX": 1.0,
                  "cY": 1.0,
                  "kX": 0.0,
                  "kY": 0.0,
                  "fi": 75,
                  "twE": 0,
                  "tweenFrame": true
                }
              ]
            },
            {
              "name": "Layer8",
              "dl": 0.0,
              "frame_data": [
                {
                  "dI": 0,
                  "x": 0.0,
                  "y": 0.0,
                  "z": 0,
                  "cX": 1.0,
                  "cY": 1.0,
                  "kX": 0.0,
                  "kY": 0.0,
                  "fi": 0,
                  "twE": 0,
                  "tweenFrame": true
                },
                {
                  "dI": 0,
                  "x": 1.8502197265625,
                  "y": 0.265350341796875,
                  "z": 0,
                  "cX": 1.0,
                  "cY": 1.0,
                  "kX": 0.0,
                  "kY": 0.0,
                  "fi": 15,
                  "twE": 0,
                  "tweenFrame": true
                },
                {
                  "dI": 0,
                  "x": 0.92510986328125,
                  "y": 0.1326904296875,
                  "z": 0,
                  "cX": 1.0,
                  "cY": 1.0,
                  "kX": -0.0622006357,
                  "kY": 0.0622006357,
                  "fi": 30,
                  "twE": 0,
                  "tweenFrame": true
                },
                {
                  "dI": 0,
                  "x": 0.92510986328125,
                  "y": 0.1326904296875,
                  "z": 0,
                  "cX": 1.0,
                  "cY": 1.0,
                  "kX": -0.0622006357,
                  "kY": 0.0622006357,
                  "fi": 45,
                  "twE": 0,
                  "tweenFrame": true
                },
                {
                  "dI": 0,
                  "x": 0.92510986328125,
                  "y": 0.1326904296875,
                  "z": 0,
                  "cX": 1.0,
                  "cY": 1.0,
                  "kX": -0.0622006357,
                  "kY": 0.0622006357,
                  "fi": 60,
                  "twE": 0,
                  "tweenFrame": true
                },
                {
                  "dI": 0,
                  "x": 0.0,
                  "y": 0.0,
                  "z": 0,
                  "cX": 1.0,
                  "cY": 1.0,
                  "kX": 0.0,
                  "kY": 0.0,
                  "fi": 75,
                  "twE": 0,
                  "tweenFrame": true
                }
              ]
            },
            {
              "name": "Layer16",
              "dl": 0.0,
              "frame_data": [
                {
                  "dI": 1,
                  "x": 0.8032989501953125,
                  "y": 2.8441352844238281,
                  "z": 0,
                  "cX": 1.0,
                  "cY": 1.0,
                  "kX": 0.2815122,
                  "kY": -0.2815122,
                  "fi": 0,
                  "twE": 0,
                  "tweenFrame": true
                },
                {
                  "dI": 1,
                  "x": 0.8032989501953125,
                  "y": 2.8441352844238281,
                  "z": 0,
                  "cX": 1.0,
                  "cY": 1.0,
                  "kX": 0.0247061625,
                  "kY": -0.0247061625,
                  "fi": 15,
                  "twE": 0,
                  "tweenFrame": true
                },
                {
                  "dI": 1,
                  "x": -8.6626777648925781,
                  "y": 5.2106013298034668,
                  "z": 0,
                  "cX": 1.0,
                  "cY": 1.0,
                  "kX": -0.394415051,
                  "kY": 0.394415051,
                  "fi": 30,
                  "twE": 0,
                  "tweenFrame": true
                },
                {
                  "dI": 1,
                  "x": -8.6626777648925781,
                  "y": 5.2106013298034668,
                  "z": 0,
                  "cX": 1.0,
                  "cY": 1.0,
                  "kX": -0.8484794,
                  "kY": 0.8484794,
                  "fi": 45,
                  "twE": 0,
                  "tweenFrame": true
                },
                {
                  "dI": 1,
                  "x": -8.6626777648925781,
                  "y": 5.2106013298034668,
                  "z": 0,
                  "cX": 1.0,
                  "cY": 1.0,
                  "kX": -0.984573543,
                  "kY": 0.984573543,
                  "fi": 60,
                  "twE": 0,
                  "tweenFrame": true
                },
                {
                  "dI": 1,
                  "x": 0.8032989501953125,
                  "y": 2.8441352844238281,
                  "z": 0,
                  "cX": 1.0,
                  "cY": 1.0,
                  "kX": 0.0395971425,
                  "kY": -0.0395971425,
                  "fi": 75,
                  "twE": 0,
                  "tweenFrame": true
                }
              ]
            },
            {
              "name": "Layer18",
              "dl": 0.0,
              "frame_data": [
                {
                  "dI": 1,
                  "x": -4.5375747680664062,
                  "y": -3.0178308486938477,
                  "z": 0,
                  "cX": 1.0,
                  "cY": 1.0,
                  "kX": -0.2535097,
                  "kY": 0.2535097,
                  "fi": 0,
                  "twE": 0,
                  "tweenFrame": true
                },
                {
                  "dI": 1,
                  "x": -4.5375747680664062,
                  "y": -3.0178308486938477,
                  "z": 0,
                  "cX": 1.0,
                  "cY": 1.0,
                  "kX": -0.132582963,
                  "kY": 0.132582963,
                  "fi": 15,
                  "twE": 0,
                  "tweenFrame": true
                },
                {
                  "dI": 1,
                  "x": -3.3434600830078125,
                  "y": -8.5758247375488281,
                  "z": 0,
                  "cX": 1.0,
                  "cY": 1.0,
                  "kX": 0.497308969,
                  "kY": -0.497308969,
                  "fi": 30,
                  "twE": 0,
                  "tweenFrame": true
                },
                {
                  "dI": 1,
                  "x": -7.0813140869140625,
                  "y": -8.51706314086914,
                  "z": 0,
                  "cX": 1.0,
                  "cY": 1.0,
                  "kX": 0.787493944,
                  "kY": -0.787493944,
                  "fi": 45,
                  "twE": 0,
                  "tweenFrame": true
                },
                {
                  "dI": 1,
                  "x": -7.0813140869140625,
                  "y": -8.51706314086914,
                  "z": 0,
                  "cX": 1.0,
                  "cY": 1.0,
                  "kX": 0.448694438,
                  "kY": -0.448694438,
                  "fi": 60,
                  "twE": 0,
                  "tweenFrame": true
                },
                {
                  "dI": 1,
                  "x": -4.5375747680664062,
                  "y": -3.0178308486938477,
                  "z": 0,
                  "cX": 1.0,
                  "cY": 1.0,
                  "kX": -0.04384977,
                  "kY": 0.04384977,
                  "fi": 75,
                  "twE": 0,
                  "tweenFrame": true
                }
              ]
            },
            {
              "name": "Layer2",
              "dl": 0.0,
              "frame_data": [
                {
                  "dI": 0,
                  "x": 0.0,
                  "y": 0.0,
                  "z": 0,
                  "cX": -0.04504492,
                  "cY": 0.03703718,
                  "kX": 0.0,
                  "kY": 0.0,
                  "fi": 0,
                  "twE": 0,
                  "tweenFrame": true,
                  "color": {
                    "a": 255,
                    "r": 255,
                    "g": 255,
                    "b": 255
                  }
                },
                {
                  "dI": 0,
                  "x": 0.0,
                  "y": 0.0,
                  "z": 0,
                  "cX": -0.04504492,
                  "cY": 0.03703718,
                  "kX": 0.0,
                  "kY": 0.0,
                  "fi": 15,
                  "twE": 0,
                  "tweenFrame": true,
                  "color": {
                    "a": 255,
                    "r": 255,
                    "g": 255,
                    "b": 255
                  }
                },
                {
                  "dI": 0,
                  "x": 0.0,
                  "y": 0.0,
                  "z": 0,
                  "cX": -0.04504492,
                  "cY": 0.03703718,
                  "kX": 0.0,
                  "kY": 0.0,
                  "fi": 30,
                  "twE": 0,
                  "tweenFrame": true,
                  "color": {
                    "a": 255,
                    "r": 255,
                    "g": 255,
                    "b": 255
                  }
                },
                {
                  "dI": 0,
                  "x": 0.0,
                  "y": 0.0,
                  "z": 0,
                  "cX": -0.04504492,
                  "cY": 0.03703718,
                  "kX": 0.0,
                  "kY": 0.0,
                  "fi": 45,
                  "twE": 0,
                  "tweenFrame": true,
                  "color": {
                    "a": 255,
                    "r": 255,
                    "g": 255,
                    "b": 255
                  }
                },
                {
                  "dI": 0,
                  "x": 0.0,
                  "y": 0.0,
                  "z": 0,
                  "cX": -0.04504492,
                  "cY": 0.03703718,
                  "kX": 0.0,
                  "kY": 0.0,
                  "fi": 60,
                  "twE": 0,
                  "tweenFrame": true,
                  "color": {
                    "a": 255,
                    "r": 255,
                    "g": 255,
                    "b": 255
                  }
                },
                {
                  "dI": 0,
                  "x": 0.0,
                  "y": 0.0,
                  "z": 0,
                  "cX": -0.04504492,
                  "cY": 0.03703718,
                  "kX": 0.0,
                  "kY": 0.0,
                  "fi": 75,
                  "twE": 0,
                  "tweenFrame": true,
                  "color": {
                    "a": 255,
                    "r": 255,
                    "g": 255,
                    "b": 255
                  }
                }
              ]
            },
            {
              "name": "Layer19",
              "dl": 0.0,
              "frame_data": [
                {
                  "dI": 0,
                  "x": -0.021793365478515625,
                  "y": 0.66631031036376953,
                  "z": 0,
                  "cX": 1.0,
                  "cY": 1.0,
                  "kX": -0.442201465,
                  "kY": 0.442201465,
                  "fi": 0,
                  "twE": 0,
                  "tweenFrame": true
                },
                {
                  "dI": 0,
                  "x": -0.021793365478515625,
                  "y": 0.66631031036376953,
                  "z": 0,
                  "cX": 1.0,
                  "cY": 1.0,
                  "kX": -0.9031715,
                  "kY": 0.9031715,
                  "fi": 15,
                  "twE": 0,
                  "tweenFrame": true
                },
                {
                  "dI": 0,
                  "x": -0.021793365478515625,
                  "y": 0.66631031036376953,
                  "z": 0,
                  "cX": 1.0,
                  "cY": 1.0,
                  "kX": -0.238942,
                  "kY": 0.238942,
                  "fi": 30,
                  "twE": 0,
                  "tweenFrame": true
                },
                {
                  "dI": 0,
                  "x": -0.021793365478515625,
                  "y": 0.66631031036376953,
                  "z": 0,
                  "cX": 1.0,
                  "cY": 1.0,
                  "kX": -0.238942,
                  "kY": 0.238942,
                  "fi": 45,
                  "twE": 0,
                  "tweenFrame": true
                },
                {
                  "dI": 0,
                  "x": -0.021793365478515625,
                  "y": 0.66631031036376953,
                  "z": 0,
                  "cX": 1.0,
                  "cY": 1.0,
                  "kX": -0.238942,
                  "kY": 0.238942,
                  "fi": 60,
                  "twE": 0,
                  "tweenFrame": true
                },
                {
                  "dI": 0,
                  "x": -0.021793365478515625,
                  "y": 0.66631031036376953,
                  "z": 0,
                  "cX": 1.0,
                  "cY": 1.0,
                  "kX": -0.442201465,
                  "kY": 0.442201465,
                  "fi": 75,
                  "twE": 0,
                  "tweenFrame": true
                }
              ]
            },
            {
              "name": "Layer17",
              "dl": 0.0,
              "frame_data": [
                {
                  "dI": 0,
                  "x": 0.0,
                  "y": 0.0,
                  "z": 0,
                  "cX": 1.0,
                  "cY": 1.0,
                  "kX": -0.276519239,
                  "kY": 0.276519239,
                  "fi": 0,
                  "twE": 0,
                  "tweenFrame": true
                },
                {
                  "dI": 0,
                  "x": 0.0,
                  "y": 0.0,
                  "z": 0,
                  "cX": 1.0,
                  "cY": 1.0,
                  "kX": -0.276519239,
                  "kY": 0.276519239,
                  "fi": 15,
                  "twE": 0,
                  "tweenFrame": true
                },
                {
                  "dI": 0,
                  "x": 0.0,
                  "y": 0.0,
                  "z": 0,
                  "cX": 1.0,
                  "cY": 1.0,
                  "kX": 0.155677259,
                  "kY": -0.155677259,
                  "fi": 30,
                  "twE": 0,
                  "tweenFrame": true
                },
                {
                  "dI": 0,
                  "x": 0.0,
                  "y": 0.0,
                  "z": 0,
                  "cX": 1.0,
                  "cY": 1.0,
                  "kX": 0.155677259,
                  "kY": -0.155677259,
                  "fi": 45,
                  "twE": 0,
                  "tweenFrame": true
                },
                {
                  "dI": 0,
                  "x": 0.0,
                  "y": 0.0,
                  "z": 0,
                  "cX": 1.0,
                  "cY": 1.0,
                  "kX": -0.350512683,
                  "kY": 0.350512683,
                  "fi": 60,
                  "twE": 0,
                  "tweenFrame": true
                },
                {
                  "dI": 0,
                  "x": 0.0,
                  "y": 0.0,
                  "z": 0,
                  "cX": 1.0,
                  "cY": 1.0,
                  "kX": -0.276519239,
                  "kY": 0.276519239,
                  "fi": 75,
                  "twE": 0,
                  "tweenFrame": true
                }
              ]
            }
          ]
        }
      ]
    }
  ],
  "texture_data": [
    {
      "name": "3",
      "width": 64.0,
      "height": 87.0,
      "pX": 0.5,
      "pY": 0.5,
      "plistFile": ""
    },
    {
      "name": "5",
      "width": 75.0,
      "height": 72.0,
      "pX": 0.49333334,
      "pY": 0.5,
      "plistFile": ""
    },
    {
      "name": "6",
      "width": 65.0,
      "height": 74.0,
      "pX": 0.5,
      "pY": 0.5,
      "plistFile": ""
    },
    {
      "name": "8",
      "width": 84.0,
      "height": 78.0,
      "pX": 0.5,
      "pY": 0.5,
      "plistFile": ""
    },
    {
      "name": "9",
      "width": 42.0,
      "height": 57.0,
      "pX": 0.5,
      "pY": 0.5,
      "plistFile": ""
    },
    {
      "name": "11",
      "width": 78.0,
      "height": 79.0,
      "pX": 0.5,
      "pY": 0.5,
      "plistFile": ""
    },
    {
      "name": "12",
      "width": 34.0,
      "height": 51.0,
      "pX": 0.5,
      "pY": 0.5,
      "plistFile": ""
    },
    {
      "name": "7",
      "width": 201.0,
      "height": 103.0,
      "pX": 0.5,
      "pY": 0.5,
      "plistFile": ""
    },
    {
      "name": "1",
      "width": 28.0,
      "height": 44.0,
      "pX": 0.5,
      "pY": 0.5,
      "plistFile": ""
    },
    {
      "name": "2",
      "width": 22.0,
      "height": 35.0,
      "pX": 0.5,
      "pY": 0.5,
      "plistFile": ""
    },
    {
      "name": "4",
      "width": 40.0,
      "height": 43.0,
      "pX": 0.5,
      "pY": 0.5,
      "plistFile": ""
    },
    {
      "name": "10",
      "width": 34.0,
      "height": 34.0,
      "pX": 0.5,
      "pY": 0.5,
      "plistFile": ""
    }
  ],
  "config_file_path": [
    "NewProject0.plist"
  ]
}